{
  "EDITION": "2023-03-08",
  "DEVICE_NAME": "Дистиллятор",
  "CONDER_PIN": {
    "name": "Ножка управления клапаном конденсатора",
    "number": 12
  },
  "DEPH_PIN": {
    "name": "Ножка управления клапаном дефлегматора",
    "number": 11
  },
  "HEATER_PIN": {
    "name": "Ножка управления нагревателем",
    "number": 18
  },
  "OW_PIN": {
    "name": "Ножка шины ONE Wire",
    "number": 7
  },
  "PARAMETERS": {
    "name": "Настраиваемые параметры устройства",
    "Kp": {
      "label": "Коэффициент нагрева",
      "value": 0.0219573509,
      "title": "Коэффициент_повышения_мощности_нагрева_в_зависимости_от_температуры_низа_колонны_(линия_предзахлебной_мощности)."
    },
    "P_H2O": {
      "label": "Мощность H2O",
      "value": 1.0,
      "title": "Предзахлебная_мощность_при_кипении_воды_в_кубе."
    },
    "rTEH": {
      "label": "Сопротивление ТЭН, ом",
      "value": 14.1,
      "title": "Сопротивление_ТЭН,_ом_(для_расчета_мощности)."
    },
    "tCooling": {
      "label": "Ожидание охлаждения, сек",
      "value": 30.0,
      "title": "Время,_данное_для_охлаждения_конденсатора._Если_за_это_время_конденсатор_не_охладится,_выскочит_ошибка_отсутствие_охлаждения."
    },
    "tA_F": {
      "label": "Антипена, минут",
      "value": 7.0,
      "title": "Длительность_режима_антипена."
    },
    "K_V": {
      "label": "Коэффициент вольтметра",
      "value": 1.0343137254901962,
      "title": "Коэффициент_поправки_вольтметра."
    },
    "tFillCoolers": {
      "label": "Время заполнения холодильников(сек)",
      "value": 10.0,
      "title": "Время,_необходимое_для_заполнения_холодильников.",
      "max": 300,
      "min": 0
    },
    "Tdephlock": {
      "label": "Температура затворения дефлегматора",
      "value": 45.0,
      "title": "Температура_срабатывания_клапана_дефлегматора,_при_которой_весь_пар_превращается_в_флегму_(отсутствует_отбор)."
    },
    "T_H2O": {
      "label": "Температура H2O",
      "value": 85.9,
      "title": "Температура_низа_колонны_при_кипении_воды_в_кубе."
    },
    "Tcond": {
      "label": "Температура конденсатора.",
      "value": 27.0,
      "title": "Значение_уставки_температуры_середины_конденсатора.",
      "max": 40.0,
      "min": 4.0
    },
    "T_Head": {
      "label": "T отбора голов",
      "value": 64.8,
      "title": "Температура_дефлегматора_для_отбора_головных_фракций."
    },
    "T_Body": {
      "label": "T отбора тела",
      "value": 67.0,
      "title": "Температура_дефлегматора_для_отбора_питьевой_фракции."
    },
    "T_Tails": {
      "label": "T отбора хвостов",
      "value": 68.0,
      "title": "Температура_дефлегматора_для_отбора_хвостовой_фракции."
    },
    "Kpt": {
      "label": "Kpt",
      "value": 0.06,
      "title": "Коэффициент_пропорциональной_части_PID-регулятора_верха"
    },
    "Kit": {
      "label": "Kit",
      "value": 0.00625,
      "title": "Коэффициент_интегральной_части_PID-регулятора_верха"
    },
    "Kdt": {
      "label": "Kdt",
      "value": 4.0,
      "title": "Коэффициент_дифференциальной_части_PID-регулятора_верха"
    },
    "Kpc": {
      "label": "Kpc",
      "value": -2.0,
      "title": "Коэффициент_пропорциональной_части_PID-регулятора_конденсатора"
    },
    "Kic": {
      "label": "Kic",
      "value": -0.01,
      "title": "Коэффициент_интегральной_части_PID-регулятора_конденсатора"
    },
    "Kdc": {
      "label": "Kdc",
      "value": -10.0,
      "title": "Коэффициент_дифференциальной_части_PID-регулятора_конденсатора"
    },
    "Kpd": {
      "label": "Kpd",
      "value": -3.0,
      "title": "Коэффициент_пропорциональной_части_PID-регулятора_дефлегматора"
    },
    "Kid": {
      "label": "Kid",
      "value": -0.02,
      "title": "Коэффициент_интегральной_части_PID-регулятора_дефлегматора"
    },
    "Kdd": {
      "label": "Kdd",
      "value": -16.0,
      "title": "Коэффициент_дифференциальной_части_PID-регулятора_дефлегматора"
    },
    "Kph": {
      "label": "Kph",
      "value": 1.0,
      "title": "Коэффициент_пропорциональной_части_PID-регулятора_нагрева"
    },
    "Kih": {
      "label": "Kih",
      "value": 0.0125,
      "title": "Коэффициент_интегральной_части_PID-регулятора_нагрева"
    },
    "Kdh": {
      "label": "Kdh",
      "value": 5.0,
      "title": "Коэффициент_дифференциальной_части_PID-регулятора_нагрева"
    },
    "Ratio": {
      "label": "Соотношение завершения",
      "value": 3.36,
      "title": "Соотношение_разностей_температур_колонны_при_котором_завершается_процесс"
    }
  },
  "ADC_ADDR": {
    "name": "Адрес АЦП на I²C",
    "value": 72,
    "description": "Адрес АЦП PCF8591 на шине I²C"
  },
  "LOCATIONS": {
    "name": "Места расположения термометров",
    "names": [
      "Конденсатор",
      "Дефлегматор",
      "Верх",
      "Середина",
      "Низ"
    ],
    "locations": {
      "28-0416c1969fff": "Конденсатор",
      "28-000000a88caf": "Дефлегматор",
      "28-000000a88243": "Верх",
      "28-000000a88b9d": "Середина",
      "28-000000a85cc5": "Низ"
    }
  }
}