{
  "CONDER_PIN#": "Ножка управления клапаном конденсатора",
  "CONDER_PIN": 12,
  "DEPH_PIN#": "Ножка управления клапаном дефлегматора",
  "DEPH_PIN": 11,
  "HEATER_PIN#": "Ножка управления нагревателем",
  "HEATER_PIN": 18,
  "OW_PIN#": "Ножка шины ONE Wire",
  "OW_PIN": 7,
  "PARAMETERS#": "Настраиваемые параметры устройства",
  "PARAMETERS": {
    "Kdeph": 1.275862,
    "Kp": 0.796460177,
    "Pst": 0.39,
    "P_H2O#": "Предзахлёбная мощность при кипении воды в кубе",
    "P_H2O": 0.39,
    "Tcond": 29.0,
    "Tdephlock": 45.0,
    "Tdeph_H2O#": "Температура дефлегматора, затворяющая отбор при кипении воды в кубе",
    "Tdeph_H2O": 45.0,
    "T_H2O#": "Температура низа колонны при кипении воды в кубе",
    "T_H2O": 85.0,
    "rTEH#": "Сопротивление ТЭН, ом",
    "rTEH": 14.1,
    "tCooling": 30.0,
    "tA_F#": "time anti-foam - длительность режима антипена, мин",
    "tA_F": 7,
    "K_V": 1.0343137254901962
  },
  "LOCATIONS#": "Места расположения термометров",
  "LOCATIONS": [
    "Конденсатор",
    "Дефлегматор",
    "Верх",
    "Середина",
    "Низ"
  ],
  "ADC_ADDR#": "Адрес АЦП PCF8591 на шине I²C",
  "ADC_ADDR": 72,
  "T_LOCATIONS#": "Расположение термометров",
  "T_LOCATIONS": {
    "28-000000AAAAAA": "Конденсатор",
    "28-000000CCCCCC": "Дефлегматор",
    "28-000000DDDDDD": "Верх",
    "28-000000BBBBBB": "Середина",
    "28-000000EEEEEE": "Низ"
  }
}