{
  "EDITION": "2022-11-22",

  "DEVICE_NAME": "Дистиллятор",

  "CONDER_PIN": {
    "name": "Ножка управления клапаном конденсатора",
    "number": 12
  },

  "DEPH_PIN": {
    "name": "Ножка управления клапаном дефлегматора",
    "number": 11
  },

  "HEATER_PIN": {
    "name": "Ножка управления нагревателем",
    "number": 18
  },

  "OW_PIN": {
    "name": "Ножка шины ONE Wire",
    "number": 7
  },

  "PARAMETERS": {
    "name": "Настраиваемые параметры устройства",
    "Kdeph": {
      "name": "Коэффициент дефлегматора",
      "value": 0.9964083281645,
      "description": "Коэффициент снижения температуры срабатывания клапана дефлегматора в зависимости от температуры низа колонны.",
      "enabled": true
    },
    "Kp": {
      "name": "Коэффициент нагрева",
      "value": 0.0219573509,
      "description": "Коэффициент повышения мощности нагрева в зависимости от температуры низа колонны (линия предзахлебной мощности)."
    },

    "P_H2O": {
      "name": "Мощность H2O",
      "value": 1.0,
      "description": "Предзахлебная мощность при кипении воды в кубе."
    },

    "Tdephlock": {
      "name": "Температура затворения дефлегматора",
      "value": 49.0,
      "description": "Температура срабатывания клапана дефлегматора, при которой весь пар превращается в флегму (отсутствует отбор)."
    },

    "T_H2O": {
      "name": "Температура H2O",
      "value": 85.9,
      "description": "Температура низа колонны при кипении воды в кубе."
    },

    "rTEH": {
      "name": "Сопротивление ТЭН, ом",
      "value": 14.1,
      "description": "Сопротивление ТЭН, ом (для расчета мощности)."
    },

    "tCooling": {
      "name": "Ожидание охлаждения, сек",
      "value": 30.0,
      "description": "Время, данное для охлаждения конденсатора. Если за это время конденсатор не охладится, выскочит ошибка отсутствие охлаждения."
    },

    "tA_F": {
      "name": "Антипена, минут",
      "value": 7,
      "description": "Длительность режима антипена."
    },

    "K_V": {
      "name": "Коэффициент вольтметра",
      "value": 1.0343137254901962,
      "description": "Коэффициент поправки вольтметра."
    },

    "Tcond": {
      "name": "Температура конденсатора.",
      "value": 29.0,
      "description": "Значение температуры конденсатора, при которой включается его охлаждение.",
      "max": 40.0,
      "min": 4.0
    },

    "tFillCoolers": {
      "name": "Время заполнения холодильников(сек)",
      "value": 4,
      "description": "Время, необходимое для заполнения холодильников.",
      "max": 300,
      "min": 0
    },

    "T_Head": {
      "name": "T отбора голов",
      "value": 65,
      "description": "Температура отбора головных фракций."
    },

    "T_Body": {
      "name": "T отбора тела",
      "value": 66,
      "description": "Температура отбора питьевой фракции."
    },

    "PID_D": {
      "name": "Коэффициенты PID-регулятора дефлегматора",
      "Kp": {
        "name": "Kp",
        "value": -5.0,
        "description": "Коэффициент пропорциональной части PID-регулятора"
      },
      "Ki": {
        "name": "Ki",
        "value": -0.25,
        "description": "Коэффициент интегральной части PID-регулятора"
      },
      "Kd": {
        "name": "Kd",
        "value": -0.1,
        "description": "Коэффициент дифференциальной части PID-регулятора"
      }
    },
    "PID_H": {
      "name": "Коэффициенты PID-регулятора нагрева",
      "Kp": {
        "name": "Kp",
        "value": 10.0,
        "description": "Коэффициент пропорциональной части PID-регулятора"
      },
      "Ki": {
        "name": "Ki",
        "value": 0.25,
        "description": "Коэффициент интегральной части PID-регулятора"
      },
      "Kd": {
        "name": "Kd",
        "value": 0.1,
        "description": "Коэффициент дифференциальной части PID-регулятора"
      }
    }

  },

  "ADC_ADDR": {
    "name": "Адрес АЦП на I²C",
    "value": 72,
    "description": "Адрес АЦП PCF8591 на шине I²C"
  },

  "LOCATIONS": {
    "name": "Места расположения термометров",
    "names": [
      "Конденсатор",
      "Дефлегматор",
      "Верх",
      "Середина",
      "Низ"
    ],
    "locations": {
      "28-000000AAAAAA": "Конденсатор",
      "28-000000CCCCCC": "Дефлегматор",
      "28-000000DDDDDD": "Верх",
      "28-000000BBBBBB": "Середина",
      "28-000000EEEEEE": "Низ"
    }
  }
}